{
  "dependencies": {
    "secrets1": {
      "type": "secrets.user"
    },
    "signalr1": {
      "serviceConnectorResourceId": "/subscriptions/[parameters('subscriptionId')]/resourceGroups/[parameters('resourceGroupName')]/providers/Microsoft.ServiceLinker/locations/southafricanorth/connectors/AzureSignalRConnectionString_797516A9A9",
      "secretStore": "LocalSecretsFile",
      "resourceId": "/subscriptions/[parameters('subscriptionId')]/resourceGroups/[parameters('resourceGroupName')]/providers/Microsoft.SignalRService/SignalR/vehicleMovementControl",
      "type": "signalr.azure",
      "connectionId": "Azure:SignalR:ConnectionString",
      "dynamicId": null
    },
    "mssql1": {
      "serviceConnectorResourceId": "",
      "secretStore": "LocalSecretsFile",
      "type": "mssql.local",
      "connectionId": "ConnectionStrings:VehiclesdataBase",
      "dynamicId": null
    }
  }
}